id_pracownika;imie;nazwisko;stanowisko;numer_telefonu;adres_email
1;Antonina;Krasowska;przewodnik;810519535;antoninakrasowska476@nowowiejska.com
2;Oliwia;Żabicka;przewodnik;619803546;oliwiażabicka789@nowowiejska.com
3;Karolina;Wolniewicz;przewodnik;685375882;karolinawolniewicz669@nowowiejska.com
4;Liliana;Perz;przewodnik;333926319;lilianaperz793@nowowiejska.com
5;Gaja;Głowa;przewodnik;675253003;gajagłowa938@nowowiejska.com
6;Emilia;Zaniewska;przewodnik;755106023;emiliazaniewska919@nowowiejska.com
7;Maja;Seroczyńska;przewodnik;326043289;majaseroczyńska377@nowowiejska.com
8;Wiktoria;Kowalewicz;przewodnik;646155438;wiktoriakowalewicz905@nowowiejska.com
9;Kornelia;Hendzel;przewodnik;418821637;korneliahendzel740@nowowiejska.com
10;Hanna;Wnorowska;przewodnik;201448186;hannawnorowska724@nowowiejska.com
11;Iga;Kaszubowska;przewodnik;958730442;igakaszubowska856@nowowiejska.com
12;Wanda;Kępińska;przewodnik;795014747;wandakępińska877@nowowiejska.com
13;Antonina;Pluta;przewodnik;689465490;antoninapluta313@nowowiejska.com
14;Wiktoria;Pamuła;przewodnik;844337058;wiktoriapamuła164@nowowiejska.com
15;Milena;Reda;przewodnik;781166155;milenareda383@nowowiejska.com
16;Pola;Felczak;przewodnik;339386044;polafelczak937@nowowiejska.com
17;Kaja;Modzelewska;przewodnik;171629304;kajamodzelewska888@nowowiejska.com
18;Barbara;Pietrasik;przewodnik;967811075;barbarapietrasik039@nowowiejska.com
19;Pola;Szczygielska;przewodnik;261843741;polaszczygielska289@nowowiejska.com
20;Alicja;Zapart;przewodnik;403594970;alicjazapart260@nowowiejska.com
21;Blanka;Ewertowska;przewodnik;163620448;blankaewertowska616@nowowiejska.com
22;Melania;Musiałowska;przewodnik;428098212;melaniamusiałowska971@nowowiejska.com
23;Jaśmina;Muniak;przewodnik;516458333;jaśminamuniak870@nowowiejska.com
24;Emilia;Błachut;przewodnik;593756916;emiliabłachut382@nowowiejska.com
25;Weronika;Knopik;przewodnik;531117508;weronikaknopik641@nowowiejska.com
26;Nikola;Fomenko;przewodnik;590185939;nikolafomenko829@nowowiejska.com
27;Barbara;Borzyszkowska;przewodnik;235365805;barbaraborzyszkowska775@nowowiejska.com
28;Karolina;Stachowiak;przewodnik;804039805;karolinastachowiak264@nowowiejska.com
29;Rozalia;Shevchuk;przewodnik;383084473;rozaliashevchuk040@nowowiejska.com
30;Julia;Foks;przewodnik;622021559;juliafoks272@nowowiejska.com
31;Emilia;Zawadka;przewodnik;759539027;emiliazawadka677@nowowiejska.com
32;Mia;Wołoszyn;przewodnik;628796171;miawołoszyn383@nowowiejska.com
33;Mia;Tymoshenko;przewodnik;965785551;miatymoshenko282@nowowiejska.com
34;Natalia;Pajor;przewodnik;172669229;nataliapajor337@nowowiejska.com
35;Zofia;Tymińska;przewodnik;151183313;zofiatymińska701@nowowiejska.com
36;Zuzanna;Ostapiuk;przewodnik;810012462;zuzannaostapiuk507@nowowiejska.com
37;Martyna;Fabiańska;przewodnik;291654962;martynafabiańska211@nowowiejska.com
38;Barbara;Oleksy;przewodnik;631563456;barbaraoleksy587@nowowiejska.com
39;Zofia;Mielniczek;przewodnik;875671311;zofiamielniczek361@nowowiejska.com
40;Rozalia;Woronowicz;przewodnik;705984400;rozaliaworonowicz477@nowowiejska.com
41;Aleksandra;Kosiba;przewodnik;751954722;aleksandrakosiba922@nowowiejska.com
42;Maria;Borowik;przewodnik;539121594;mariaborowik774@nowowiejska.com
43;Kornelia;Tkachenko;przewodnik;862686313;korneliatkachenko094@nowowiejska.com
44;Matylda;Kuźniar;przewodnik;517108774;matyldakuźniar781@nowowiejska.com
45;Wanda;Misztal;przewodnik;131149644;wandamisztal741@nowowiejska.com
46;Nadia;Krzyżak;przewodnik;530111910;nadiakrzyżak690@nowowiejska.com
47;Liliana;Becker;przewodnik;182209352;lilianabecker404@nowowiejska.com
48;Kornelia;Łabuda;przewodnik;298826647;korneliałabuda219@nowowiejska.com
49;Helena;Kostka;przewodnik;833394416;helenakostka095@nowowiejska.com
50;Nikola;Świerkowska;przewodnik;121835824;nikolaświerkowska823@nowowiejska.com
51;Gaja;Stępkowska;przewodnik;909560065;gajastępkowska052@nowowiejska.com
52;Adrianna;Pestka;przewodnik;472561415;adriannapestka631@nowowiejska.com
53;Antonina;Pazdan;przewodnik;985187282;antoninapazdan181@nowowiejska.com
54;Alicja;Truszkowska;przewodnik;955447285;alicjatruszkowska874@nowowiejska.com
55;Anastazja;Kwiek;przewodnik;931118149;anastazjakwiek644@nowowiejska.com
56;Marcelina;Ćwik;przewodnik;670331625;marcelinaćwik873@nowowiejska.com
57;Nikola;Murawska;przewodnik;342719560;nikolamurawska576@nowowiejska.com
58;Milena;Mierzyńska;przewodnik;904167453;milenamierzyńska866@nowowiejska.com
59;Milena;Świderek;przewodnik;195105101;milenaświderek429@nowowiejska.com
60;Łucja;Witek;przewodnik;554069449;łucjawitek092@nowowiejska.com
61;Magdalena;Panasiuk;przewodnik;587038621;magdalenapanasiuk822@nowowiejska.com
62;Laura;Franczak;przewodnik;994664654;laurafranczak096@nowowiejska.com
63;Iga;Fatyga;przewodnik;630128265;igafatyga284@nowowiejska.com
64;Emilia;Kowalkowska;przewodnik;971900980;emiliakowalkowska241@nowowiejska.com
65;Gabriela;Pietryga;przewodnik;401100860;gabrielapietryga719@nowowiejska.com
66;Magdalena;Bielewicz;przewodnik;479472555;magdalenabielewicz641@nowowiejska.com
67;Oliwia;Gwiżdż;przewodnik;535290751;oliwiagwiżdż034@nowowiejska.com
68;Weronika;Florkowska;przewodnik;403496291;weronikaflorkowska944@nowowiejska.com
69;Nadia;Piórkowska;przewodnik;761216573;nadiapiórkowska502@nowowiejska.com
70;Kinga;Kulczyk;przewodnik;531332792;kingakulczyk529@nowowiejska.com
71;Karolina;Szczepankiewicz;przewodnik;842633014;karolinaszczepankiewicz246@nowowiejska.com
72;Liliana;Koziołek;przewodnik;629684808;lilianakoziołek131@nowowiejska.com
73;Hanna;Niczyporuk;przewodnik;743922575;hannaniczyporuk991@nowowiejska.com
74;Oliwia;Bartos;przewodnik;135852730;oliwiabartos330@nowowiejska.com
75;Kaja;Młodawska;przewodnik;251676013;kajamłodawska845@nowowiejska.com
76;Wiktoria;Nieckarz;przewodnik;190685683;wiktorianieckarz558@nowowiejska.com
77;Zofia;Lorek;przewodnik;603347031;zofialorek601@nowowiejska.com
78;Antonina;Święs;przewodnik;675608923;antoninaświęs914@nowowiejska.com
79;Pola;Klukowska;przewodnik;261155030;polaklukowska337@nowowiejska.com
80;Klara;Mikrut;przewodnik;912808906;klaramikrut189@nowowiejska.com
81;Kaja;Tran;przewodnik;347418336;kajatran440@nowowiejska.com
82;Blanka;Piela;przewodnik;947192984;blankapiela774@nowowiejska.com
83;Nikola;Trzebiatowska;przewodnik;681990841;nikolatrzebiatowska237@nowowiejska.com
84;Anastazja;Kochanowska;przewodnik;391782337;anastazjakochanowska647@nowowiejska.com
85;Gaja;Waga;przewodnik;747219028;gajawaga555@nowowiejska.com
86;Zuzanna;Lasek;przewodnik;773028742;zuzannalasek693@nowowiejska.com
87;Róża;Pietkiewicz;przewodnik;689524839;różapietkiewicz666@nowowiejska.com
88;Amelia;Kędzia;przewodnik;329165224;ameliakędzia969@nowowiejska.com
89;Nina;Kuta;przewodnik;398721406;ninakuta203@nowowiejska.com
90;Martyna;Mordarska;przewodnik;827502155;martynamordarska213@nowowiejska.com
91;Martyna;Ligęza;przewodnik;964498650;martynaligęza675@nowowiejska.com
92;Jagoda;Świątek;przewodnik;274573534;jagodaświątek034@nowowiejska.com
93;Lena;Pokorska;przewodnik;964181071;lenapokorska150@nowowiejska.com
94;Mia;Fil;przewodnik;304159194;miafil234@nowowiejska.com
95;Aleksandra;Zelek;przewodnik;734210162;aleksandrazelek801@nowowiejska.com
96;Nela;Pogorzelska;przewodnik;876883449;nelapogorzelska090@nowowiejska.com
97;Matylda;Klasa;przewodnik;259125385;matyldaklasa036@nowowiejska.com
98;Weronika;Krzywda;przewodnik;965485022;weronikakrzywda685@nowowiejska.com
99;Alicja;Korczak;przewodnik;229760527;alicjakorczak781@nowowiejska.com
100;Karolina;Linek;przewodnik;893955377;karolinalinek270@nowowiejska.com
101;Lena;Krzewińska;przewodnik;104883993;lenakrzewińska568@nowowiejska.com
102;Alicja;Kochanowska;przewodnik;668526136;alicjakochanowska096@nowowiejska.com
103;Milena;Piaseczna;przewodnik;131668904;milenapiaseczna917@nowowiejska.com
104;Mia;Kołecka;przewodnik;312576531;miakołecka108@nowowiejska.com
105;Milena;Gliniecka;przewodnik;997787032;milenagliniecka778@nowowiejska.com
106;Liwia;Muszyńska;przewodnik;771197036;liwiamuszyńska189@nowowiejska.com
107;Alicja;Wronka;przewodnik;560266524;alicjawronka422@nowowiejska.com
108;Lena;Langer;przewodnik;207870878;lenalanger485@nowowiejska.com
109;Klara;Antoniak;przewodnik;333936190;klaraantoniak524@nowowiejska.com
110;Eliza;Tchórzewska;przewodnik;215396824;elizatchórzewska052@nowowiejska.com
111;Hanna;Michta;kierowca;481202545;hannamichta008@nowowiejska.com
112;Hanna;Fiedor;kierowca;695495310;hannafiedor557@nowowiejska.com
113;Eliza;Staszczyk;kierowca;351430877;elizastaszczyk798@nowowiejska.com
114;Adrianna;Rudenko;kierowca;538963250;adriannarudenko410@nowowiejska.com
115;Zuzanna;Bobińska;kierowca;997804575;zuzannabobińska861@nowowiejska.com
116;Łucja;Biskup;kierowca;721419358;łucjabiskup224@nowowiejska.com
117;Adrianna;Małysa;kierowca;235289077;adriannamałysa268@nowowiejska.com
118;Melania;Szukała;kierowca;525803814;melaniaszukała767@nowowiejska.com
119;Gabriela;Buras;kierowca;349169065;gabrielaburas166@nowowiejska.com
120;Kaja;Lechowska;kierowca;910617493;kajalechowska188@nowowiejska.com
121;Nina;Kęska;kierowca;551253135;ninakęska760@nowowiejska.com
122;Martyna;Spyra;kierowca;186260757;martynaspyra203@nowowiejska.com
123;Gabriela;Owsianka;kierowca;538847276;gabrielaowsianka944@nowowiejska.com
124;Nikola;Orlińska;kierowca;721921994;nikolaorlińska888@nowowiejska.com
125;Aleksandra;Grudzień;kierowca;736841583;aleksandragrudzień694@nowowiejska.com
126;Klara;Pałys;kierowca;122677824;klarapałys134@nowowiejska.com
127;Sara;Kluska;kierowca;159846426;sarakluska903@nowowiejska.com
128;Oliwia;Panfil;kierowca;394570698;oliwiapanfil452@nowowiejska.com
129;Laura;Kmiotek;kierowca;181409745;laurakmiotek130@nowowiejska.com
130;Zuzanna;Fluder;kierowca;130325453;zuzannafluder605@nowowiejska.com
131;Agata;Łuka;kierowca;664615699;agatałuka724@nowowiejska.com
132;Kinga;Śmiałek;kierowca;982389287;kingaśmiałek242@nowowiejska.com
133;Blanka;Bielec;kierowca;577447873;blankabielec171@nowowiejska.com
134;Kinga;Grzywa;kierowca;535590842;kingagrzywa787@nowowiejska.com
135;Laura;Tańska;kierowca;908990880;lauratańska279@nowowiejska.com
136;Emilia;Matusiewicz;kierowca;667511309;emiliamatusiewicz539@nowowiejska.com
137;Nadia;Bińczyk;kierowca;236174246;nadiabińczyk828@nowowiejska.com
138;Adrianna;Czerwińska;kierowca;376008738;adriannaczerwińska482@nowowiejska.com
139;Zofia;Nowocień;kierowca;689230167;zofianowocień529@nowowiejska.com
140;Kornelia;Jopek;kierowca;894811579;korneliajopek306@nowowiejska.com
141;Zofia;Ryczkowska;kierowca;224339236;zofiaryczkowska519@nowowiejska.com
142;Klara;Łuba;kierowca;100107763;klarałuba641@nowowiejska.com
143;Liwia;Chlipała;kierowca;927187853;liwiachlipała397@nowowiejska.com
144;Mia;Sieroń;kierowca;350567912;miasieroń938@nowowiejska.com
145;Zofia;Rymarz;kierowca;715653414;zofiarymarz850@nowowiejska.com
146;Wanda;Gołąb;kierowca;363705902;wandagołąb584@nowowiejska.com
147;Pola;Dzwonkowska;kierowca;655499764;poladzwonkowska011@nowowiejska.com
148;Pola;Gmyrek;kierowca;847786477;polagmyrek417@nowowiejska.com
149;Aniela;Chrząszcz;kierowca;265629771;anielachrząszcz538@nowowiejska.com
150;Eliza;Kurowska;kierowca;721025364;elizakurowska978@nowowiejska.com
151;Liwia;Boczek;kierowca;484155958;liwiaboczek095@nowowiejska.com
152;Michalina;Świniarska;kierowca;605720046;michalinaświniarska444@nowowiejska.com
153;Nadia;Majcherek;kierowca;761144215;nadiamajcherek780@nowowiejska.com
154;Karolina;Obara;kierowca;493660249;karolinaobara201@nowowiejska.com
155;Helena;Będkowska;kierowca;845287138;helenabędkowska193@nowowiejska.com
156;Lena;Cichosz;kierowca;836990255;lenacichosz105@nowowiejska.com
157;Marcelina;Piecuch;kierowca;952496321;marcelinapiecuch715@nowowiejska.com
158;Blanka;Berlińska;kierowca;498438551;blankaberlińska921@nowowiejska.com
159;Marcelina;Paszkowska;kierowca;771947367;marcelinapaszkowska548@nowowiejska.com
160;Anastazja;Ilczuk;kierowca;792574768;anastazjailczuk498@nowowiejska.com
161;Nadia;Sławska;kierowca;775442332;nadiasławska509@nowowiejska.com
162;Róża;Latusek;kierowca;991432087;różalatusek473@nowowiejska.com
163;Laura;Gawlik;kierowca;172388272;lauragawlik058@nowowiejska.com
164;Kinga;Ciepiela;kierowca;362264835;kingaciepiela030@nowowiejska.com
165;Maria;Barczyńska;kierowca;255098003;mariabarczyńska411@nowowiejska.com
166;Hubert;Janocha;przewodnik;909043384;hubertjanocha666@nowowiejska.com
167;Jakub;Szefer;przewodnik;403313397;jakubszefer533@nowowiejska.com
168;Bartosz;Stefańczyk;przewodnik;426245793;bartoszstefańczyk253@nowowiejska.com
169;Dawid;Sasin;przewodnik;164682695;dawidsasin795@nowowiejska.com
170;Antoni;Smoczyński;przewodnik;905115781;antonismoczyński729@nowowiejska.com
171;Kajetan;Czerniawski;przewodnik;786145633;kajetanczerniawski206@nowowiejska.com
172;Julian;Dziubek;przewodnik;963567953;juliandziubek742@nowowiejska.com
173;Filip;Raj;przewodnik;242395392;filipraj462@nowowiejska.com
174;Tymoteusz;Jaroszewski;przewodnik;754260909;tymoteuszjaroszewski374@nowowiejska.com
175;Aleksander;Sokół;przewodnik;486149201;aleksandersokół441@nowowiejska.com
176;Mikołaj;Kisiel;przewodnik;902565970;mikołajkisiel083@nowowiejska.com
177;Artur;Ilczuk;przewodnik;287398698;arturilczuk273@nowowiejska.com
178;Oliwier;Kraska;przewodnik;527085488;oliwierkraska909@nowowiejska.com
179;Wiktor;Winiarczyk;przewodnik;120662795;wiktorwiniarczyk125@nowowiejska.com
180;Stanisław;Kiciński;przewodnik;308157980;stanisławkiciński615@nowowiejska.com
181;Artur;Placek;przewodnik;192161385;arturplacek179@nowowiejska.com
182;Franciszek;Soboń;przewodnik;929280323;franciszeksoboń862@nowowiejska.com
183;Borys;Tarnawski;przewodnik;790349914;borystarnawski398@nowowiejska.com
184;Adam;Koźbiał;przewodnik;130203344;adamkoźbiał378@nowowiejska.com
185;Teodor;Krauze;przewodnik;816872838;teodorkrauze223@nowowiejska.com
186;Karol;Olszowski;przewodnik;411793348;karololszowski337@nowowiejska.com
187;Tomasz;Gucwa;przewodnik;509765379;tomaszgucwa462@nowowiejska.com
188;Oliwier;Prusaczyk;przewodnik;193368002;oliwierprusaczyk179@nowowiejska.com
189;Józef;Raszewski;przewodnik;766149982;józefraszewski642@nowowiejska.com
190;Natan;Werner;przewodnik;746420287;natanwerner819@nowowiejska.com
191;Bartosz;Krzempek;przewodnik;819338209;bartoszkrzempek536@nowowiejska.com
192;Mateusz;Dzierżanowski;przewodnik;625454388;mateuszdzierżanowski386@nowowiejska.com
193;Kacper;Jakóbczyk;przewodnik;403465729;kacperjakóbczyk023@nowowiejska.com
194;Julian;Grzywaczewski;przewodnik;351188495;juliangrzywaczewski494@nowowiejska.com
195;Maksymilian;Siwak;przewodnik;286736427;maksymiliansiwak508@nowowiejska.com
196;Tymoteusz;Gaweł;przewodnik;553965665;tymoteuszgaweł365@nowowiejska.com
197;Alan;Walaszczyk;przewodnik;548706909;alanwalaszczyk927@nowowiejska.com
198;Teodor;Gapiński;przewodnik;515133120;teodorgapiński989@nowowiejska.com
199;Paweł;Waśko;przewodnik;527856225;pawełwaśko649@nowowiejska.com
200;Witold;Rękas;przewodnik;572718715;witoldrękas644@nowowiejska.com
201;Igor;Bosak;przewodnik;330044196;igorbosak039@nowowiejska.com
202;Józef;Siemaszko;przewodnik;864592611;józefsiemaszko682@nowowiejska.com
203;Igor;Dziuba;przewodnik;640226286;igordziuba891@nowowiejska.com
204;Leon;Matyjasik;przewodnik;831638181;leonmatyjasik616@nowowiejska.com
205;Bruno;Czernecki;przewodnik;477212379;brunoczernecki952@nowowiejska.com
206;Filip;Korczyński;przewodnik;402953112;filipkorczyński999@nowowiejska.com
207;Szymon;Szlachetka;przewodnik;827634167;szymonszlachetka179@nowowiejska.com
208;Jan;Dziki;przewodnik;666162635;jandziki318@nowowiejska.com
209;Piotr;Braun;przewodnik;495909663;piotrbraun250@nowowiejska.com
210;Józef;Kiraga;przewodnik;425143417;józefkiraga464@nowowiejska.com
211;Miłosz;Wojtczak;przewodnik;563736697;miłoszwojtczak230@nowowiejska.com
212;Kazimierz;Bentkowski;przewodnik;448704715;kazimierzbentkowski696@nowowiejska.com
213;Tymon;Tokarski;przewodnik;776037399;tymontokarski225@nowowiejska.com
214;Hubert;Pieprzyk;przewodnik;144880157;hubertpieprzyk012@nowowiejska.com
215;Natan;Stachowiak;przewodnik;257053763;natanstachowiak596@nowowiejska.com
216;Piotr;Porębski;przewodnik;264784841;piotrporębski089@nowowiejska.com
217;Tymoteusz;Maćkowiak;przewodnik;668991132;tymoteuszmaćkowiak928@nowowiejska.com
218;Cezary;Smykowski;przewodnik;767757897;cezarysmykowski332@nowowiejska.com
219;Mikołaj;Okoniewski;przewodnik;188699683;mikołajokoniewski898@nowowiejska.com
220;Cezary;Mularski;przewodnik;543588389;cezarymularski430@nowowiejska.com
221;Miłosz;Więch;przewodnik;444771487;miłoszwięch101@nowowiejska.com
222;Tymoteusz;Wierzbowski;przewodnik;604374098;tymoteuszwierzbowski262@nowowiejska.com
223;Julian;Kominek;przewodnik;438815995;juliankominek757@nowowiejska.com
224;Mateusz;Niedbalski;przewodnik;160211978;mateuszniedbalski983@nowowiejska.com
225;Antoni;Matuszak;przewodnik;327417125;antonimatuszak331@nowowiejska.com
226;Artur;Lewkowicz;przewodnik;459433398;arturlewkowicz320@nowowiejska.com
227;Piotr;Malesa;przewodnik;577739111;piotrmalesa457@nowowiejska.com
228;Ksawery;Nesterenko;przewodnik;966403260;ksawerynesterenko017@nowowiejska.com
229;Witold;Palka;przewodnik;372694373;witoldpalka138@nowowiejska.com
230;Kamil;Misztal;przewodnik;822369499;kamilmisztal960@nowowiejska.com
231;Igor;Pudełko;przewodnik;589126523;igorpudełko680@nowowiejska.com
232;Milan;Bucior;przewodnik;606786212;milanbucior557@nowowiejska.com
233;Ksawery;Kochanek;przewodnik;279599639;ksawerykochanek470@nowowiejska.com
234;Michał;Jurczak;przewodnik;984194157;michałjurczak953@nowowiejska.com
235;Paweł;Bielański;przewodnik;621429977;pawełbielański203@nowowiejska.com
236;Tymoteusz;Jurak;przewodnik;164348426;tymoteuszjurak424@nowowiejska.com
237;Oliwier;Janczak;przewodnik;422692543;oliwierjanczak354@nowowiejska.com
238;Witold;Byrski;przewodnik;661670096;witoldbyrski862@nowowiejska.com
239;Krzysztof;Garbowski;przewodnik;742903054;krzysztofgarbowski472@nowowiejska.com
240;Filip;Bohdan;przewodnik;206900669;filipbohdan596@nowowiejska.com
241;Igor;Kosieradzki;przewodnik;247562083;igorkosieradzki115@nowowiejska.com
242;Milan;Wiszniewski;przewodnik;280178383;milanwiszniewski819@nowowiejska.com
243;Krzysztof;Marcinkiewicz;przewodnik;179388682;krzysztofmarcinkiewicz979@nowowiejska.com
244;Milan;Curyło;przewodnik;273689490;milancuryło947@nowowiejska.com
245;Alan;Karliński;przewodnik;655331631;alankarliński032@nowowiejska.com
246;Józef;Wydrzyński;przewodnik;740872683;józefwydrzyński411@nowowiejska.com
247;Tomasz;Koźmiński;przewodnik;312285136;tomaszkoźmiński261@nowowiejska.com
248;Mark;Jurecki;przewodnik;977279584;markjurecki064@nowowiejska.com
249;Bartosz;Ishchenko;przewodnik;748068281;bartoszishchenko771@nowowiejska.com
250;Karol;Bylica;przewodnik;236001208;karolbylica120@nowowiejska.com
251;Paweł;Góźdź;przewodnik;810727725;pawełgóźdź496@nowowiejska.com
252;Nikodem;Kłys;przewodnik;667873745;nikodemkłys181@nowowiejska.com
253;Kuba;Tarasiewicz;przewodnik;364847531;kubatarasiewicz112@nowowiejska.com
254;Nikodem;Polkowski;przewodnik;964232686;nikodempolkowski358@nowowiejska.com
255;Kazimierz;Nawara;przewodnik;367570035;kazimierznawara545@nowowiejska.com
256;Milan;Rydzewski;przewodnik;703569495;milanrydzewski633@nowowiejska.com
257;Teodor;Paczuski;przewodnik;552302490;teodorpaczuski887@nowowiejska.com
258;Borys;Grzywa;przewodnik;353994268;borysgrzywa855@nowowiejska.com
259;Filip;Zadroga;przewodnik;862554171;filipzadroga889@nowowiejska.com
260;Dominik;Wiater;przewodnik;852807927;dominikwiater220@nowowiejska.com
261;Bartosz;Owczarczyk;przewodnik;230942435;bartoszowczarczyk632@nowowiejska.com
262;Kamil;Kalisz;przewodnik;156843663;kamilkalisz958@nowowiejska.com
263;Michał;Arent;przewodnik;910343527;michałarent673@nowowiejska.com
264;Maciej;Ptaszyński;przewodnik;421859836;maciejptaszyński932@nowowiejska.com
265;Julian;Szczecina;przewodnik;519208819;julianszczecina841@nowowiejska.com
266;Marcel;Lorenz;przewodnik;546740470;marcellorenz817@nowowiejska.com
267;Daniel;Bartnik;przewodnik;560541914;danielbartnik296@nowowiejska.com
268;Wojciech;Kujawski;przewodnik;891516521;wojciechkujawski708@nowowiejska.com
269;Filip;Zmuda;przewodnik;203613564;filipzmuda065@nowowiejska.com
270;Kuba;Długołęcki;przewodnik;900343525;kubadługołęcki883@nowowiejska.com
271;Mikołaj;Barcik;przewodnik;525703106;mikołajbarcik857@nowowiejska.com
272;Piotr;Krzyżak;przewodnik;422555365;piotrkrzyżak248@nowowiejska.com
273;Maksymilian;Sosna;przewodnik;690361218;maksymiliansosna969@nowowiejska.com
274;Karol;Sobczak;przewodnik;730525892;karolsobczak377@nowowiejska.com
275;Kazimierz;Głuchowski;przewodnik;742045368;kazimierzgłuchowski302@nowowiejska.com
276;Borys;Nita;kierowca;379072785;borysnita451@nowowiejska.com
277;Paweł;Świeca;kierowca;177409888;pawełświeca419@nowowiejska.com
278;Fabian;Fila;kierowca;530276863;fabianfila681@nowowiejska.com
279;Tymon;Warchoł;kierowca;885320449;tymonwarchoł712@nowowiejska.com
280;Milan;Kasprzycki;kierowca;558510407;milankasprzycki476@nowowiejska.com
281;Borys;Jankowiak;kierowca;544011753;borysjankowiak829@nowowiejska.com
282;Dawid;Dębiński;kierowca;944276339;dawiddębiński960@nowowiejska.com
283;Alan;Więch;kierowca;886642258;alanwięch503@nowowiejska.com
284;Szymon;Budziński;kierowca;927885087;szymonbudziński501@nowowiejska.com
285;Leo;Burek;kierowca;673543995;leoburek560@nowowiejska.com
286;Kuba;Popek;kierowca;184349849;kubapopek850@nowowiejska.com
287;Tadeusz;Zwierz;kierowca;635556864;tadeuszzwierz326@nowowiejska.com
288;Bartłomiej;Honcharov;kierowca;435149861;bartłomiejhoncharov307@nowowiejska.com
289;Miłosz;Brandys;kierowca;181179612;miłoszbrandys139@nowowiejska.com
290;Tadeusz;Masłowski;kierowca;971422667;tadeuszmasłowski070@nowowiejska.com
291;Szymon;Białkowski;kierowca;838604134;szymonbiałkowski771@nowowiejska.com
292;Kazimierz;Borówka;kierowca;868338335;kazimierzborówka668@nowowiejska.com
293;Dominik;Wojciechowicz;kierowca;926557910;dominikwojciechowicz520@nowowiejska.com
294;Oskar;Gubała;kierowca;671288952;oskargubała565@nowowiejska.com
295;Daniel;Kuźniak;kierowca;910014278;danielkuźniak643@nowowiejska.com
296;Oskar;Żołądek;kierowca;322525163;oskarżołądek485@nowowiejska.com
297;Daniel;Majka;kierowca;257295851;danielmajka065@nowowiejska.com
298;Daniel;Torba;kierowca;644652880;danieltorba052@nowowiejska.com
299;Kacper;Stachowiak;kierowca;587677180;kacperstachowiak409@nowowiejska.com
300;Aleksander;Pałasz;kierowca;602774091;aleksanderpałasz322@nowowiejska.com
301;Milan;Gawor;kierowca;987716938;milangawor912@nowowiejska.com
302;Alan;Kumar;kierowca;435576261;alankumar096@nowowiejska.com
303;Tymoteusz;Wardęga;kierowca;843927897;tymoteuszwardęga479@nowowiejska.com
304;Kacper;Reszczyński;kierowca;619166454;kacperreszczyński425@nowowiejska.com
305;Kazimierz;Juszczak;kierowca;454092042;kazimierzjuszczak580@nowowiejska.com
306;Witold;Płatek;kierowca;553115609;witoldpłatek842@nowowiejska.com
307;Michał;Madejczyk;kierowca;977545736;michałmadejczyk694@nowowiejska.com
308;Filip;Bilicki;kierowca;147661224;filipbilicki837@nowowiejska.com
309;Hubert;Polkowski;kierowca;207421382;hubertpolkowski998@nowowiejska.com
310;Aleksander;Musiał;kierowca;997279890;aleksandermusiał436@nowowiejska.com
311;Hubert;Tuszyński;kierowca;936100014;huberttuszyński901@nowowiejska.com
312;Tymon;Zakharov;kierowca;264455513;tymonzakharov228@nowowiejska.com
313;Dawid;Bocian;kierowca;504384787;dawidbocian987@nowowiejska.com
314;Kazimierz;Kowalczyk;kierowca;766179873;kazimierzkowalczyk245@nowowiejska.com
315;Teodor;Mielcarek;kierowca;316505178;teodormielcarek673@nowowiejska.com
316;Kamil;Rajchel;kierowca;169477859;kamilrajchel149@nowowiejska.com
317;Kuba;Szymczak;kierowca;529315142;kubaszymczak975@nowowiejska.com
318;Oskar;Tomasiewicz;kierowca;613970248;oskartomasiewicz685@nowowiejska.com
319;Milan;Gralak;kierowca;158791262;milangralak122@nowowiejska.com
320;Ignacy;Wirkus;kierowca;201445729;ignacywirkus476@nowowiejska.com
321;Mateusz;Kocot;kierowca;938057710;mateuszkocot075@nowowiejska.com
322;Bartłomiej;Cabaj;kierowca;302690279;bartłomiejcabaj612@nowowiejska.com
323;Krzysztof;Rawski;kierowca;943978947;krzysztofrawski570@nowowiejska.com
324;Ksawery;Kluczyński;kierowca;618078882;ksawerykluczyński462@nowowiejska.com
325;Ignacy;Nowicki;kierowca;672010232;ignacynowicki979@nowowiejska.com
326;Piotr;Drzewiecki;kierowca;825705830;piotrdrzewiecki795@nowowiejska.com
327;Piotr;Kusiński;kierowca;654185456;piotrkusiński801@nowowiejska.com
328;Kuba;Gonciarz;kierowca;658090506;kubagonciarz861@nowowiejska.com
329;Antoni;Zajączkowski;kierowca;375846280;antonizajączkowski790@nowowiejska.com
330;Michał;Sukiennik;kierowca;545308862;michałsukiennik374@nowowiejska.com
331;Paweł;Łapiński;kierowca;320880469;pawełłapiński866@nowowiejska.com
332;Kazimierz;Mrózek;kierowca;860903922;kazimierzmrózek087@nowowiejska.com
333;Tomasz;Pawełek;kierowca;688304596;tomaszpawełek971@nowowiejska.com
334;Julian;Wilk;kierowca;866039306;julianwilk118@nowowiejska.com
335;Tomasz;Krysiak;kierowca;524126576;tomaszkrysiak230@nowowiejska.com
336;Artur;Hoffmann;kierowca;150173025;arturhoffmann202@nowowiejska.com
337;Dominik;Łęczycki;kierowca;952842368;dominikłęczycki973@nowowiejska.com
338;Hubert;Grzesik;kierowca;224493066;hubertgrzesik471@nowowiejska.com
339;Oskar;Tymoshchuk;kierowca;278338926;oskartymoshchuk681@nowowiejska.com
340;Tymon;Kęsy;kierowca;527458550;tymonkęsy239@nowowiejska.com
341;Borys;Sochacki;kierowca;701807050;boryssochacki108@nowowiejska.com
342;Marcel;Mularczyk;kierowca;765933556;marcelmularczyk024@nowowiejska.com
343;Paweł;Witas;kierowca;937706347;pawełwitas099@nowowiejska.com
344;Ksawery;Czopek;kierowca;679798340;ksaweryczopek860@nowowiejska.com
345;Borys;Wang;kierowca;648242499;boryswang275@nowowiejska.com
346;Jakub;Buczek;kierowca;812603852;jakubbuczek640@nowowiejska.com
347;Tymoteusz;Karolak;kierowca;458923667;tymoteuszkarolak366@nowowiejska.com
348;Krzysztof;Głowacz;kierowca;857813014;krzysztofgłowacz167@nowowiejska.com
349;Antoni;Furgała;kierowca;865752369;antonifurgała787@nowowiejska.com
350;Krzysztof;Łęgowski;kierowca;272782787;krzysztofłęgowski458@nowowiejska.com
351;Milan;Paź;kierowca;493797605;milanpaź712@nowowiejska.com
352;Dawid;Sus;kierowca;531716674;dawidsus541@nowowiejska.com
353;Ksawery;Bruliński;kierowca;372742608;ksawerybruliński009@nowowiejska.com
354;Kajetan;Piecha;kierowca;957627075;kajetanpiecha627@nowowiejska.com
355;Karol;Cegiełka;kierowca;473229395;karolcegiełka988@nowowiejska.com
356;Wiktor;Zyśk;kierowca;274678903;wiktorzyśk906@nowowiejska.com
357;Oskar;Miśkiewicz;kierowca;203285388;oskarmiśkiewicz739@nowowiejska.com
358;Mark;Chrzanowski;kierowca;628994661;markchrzanowski064@nowowiejska.com
359;Michał;Głowala;kierowca;929381207;michałgłowala018@nowowiejska.com
360;Szymon;Żmudziński;kierowca;472354094;szymonżmudziński373@nowowiejska.com
361;Kuba;Kwiecień;kierowca;599016222;kubakwiecień080@nowowiejska.com
362;Miłosz;Kosiorek;kierowca;584038553;miłoszkosiorek123@nowowiejska.com
363;Mateusz;Bilski;kierowca;164309012;mateuszbilski579@nowowiejska.com
364;Dominik;Szpila;kierowca;971275134;dominikszpila258@nowowiejska.com
365;Mikołaj;Nalepka;kierowca;229269124;mikołajnalepka625@nowowiejska.com
366;Stanisław;Niemiec;kierowca;235391680;stanisławniemiec447@nowowiejska.com
367;Natan;Kucher;kierowca;704794180;natankucher467@nowowiejska.com
368;Witold;Borsuk;kierowca;728297905;witoldborsuk075@nowowiejska.com
369;Paweł;Napierała;kierowca;917789927;pawełnapierała143@nowowiejska.com
370;Fabian;Sobczuk;kierowca;272895900;fabiansobczuk686@nowowiejska.com
371;Stanisław;Zaleski;kierowca;819461770;stanisławzaleski080@nowowiejska.com
372;Wojciech;Wojdat;kierowca;586907886;wojciechwojdat824@nowowiejska.com
373;Natan;Orłowski;kierowca;811404188;natanorłowski603@nowowiejska.com
374;Igor;Zyśk;kierowca;193133799;igorzyśk988@nowowiejska.com
375;Bartłomiej;Shpak;kierowca;395346152;bartłomiejshpak629@nowowiejska.com
376;Milan;Dobrzyński;kierowca;949898391;milandobrzyński671@nowowiejska.com
377;Ksawery;Fischer;kierowca;545973613;ksaweryfischer788@nowowiejska.com
378;Igor;Krajnik;kierowca;735455799;igorkrajnik241@nowowiejska.com
379;Tomasz;Pałasz;kierowca;667570881;tomaszpałasz448@nowowiejska.com
380;Kajetan;Kościelny;kierowca;310140522;kajetankościelny822@nowowiejska.com
381;Gabriel;Bigaj;kierowca;477784070;gabrielbigaj538@nowowiejska.com
382;Adam;Gacki;kierowca;439794533;adamgacki983@nowowiejska.com
383;Tymon;Mickiewicz;kierowca;616588019;tymonmickiewicz371@nowowiejska.com
384;Maciej;Bujalski;kierowca;134784713;maciejbujalski137@nowowiejska.com
385;Karol;Koziatek;kierowca;705701021;karolkoziatek847@nowowiejska.com
